UUID	model_id	dataset	architecture	input_shape	loss	optimizer	learning_rate	decay	batch_size	epochs	final_loss	accuracy	recall	precision	f1
5929290a-5786-4b2e-a8f7-b9765f81149f	1	1	lstm-classifier-1	32	binary_crossentropy	rmsprop			256	10	26.188127517700195	0.49998751282691956	1.0	0.49998751282691956	[0.6666556]
c5a103c8-8c98-45cd-8d10-78178df38708	2	1	lstm-classifier-1	32	binary_crossentropy	adam	0.01	0.09	256	10	0.5020684003829956	0.4999875128269195	1.0	0.4999875128269195	[0.6666556]
257c21cf-ca63-45a1-aaf2-1dcfd3a23da6	3	1	lstm-classifier-1	32	binary_crossentropy	adam	0.1	0.9	256	10	0.5179286599159241	0.49998751282691956	1.0	0.49998751282691956	[0.6666556]
4f2c999f-c631-402c-97d0-5ce6db349832	4	1	lstm-classifier-1	32	binary_crossentropy	adam			128	29	0.4280467927455902	0.4997105002403259	1.0	0.4997105002403259	[0.66640925]
